<?xml version="1.0" encoding="UTF-8"?>
<beans xmlns="http://www.springframework.org/schema/beans" xmlns:xsi="http://www.w3.org/2001/XMLSchema-instance" xmlns:aop="http://www.springframework.org/schema/aop" xmlns:jdbc="http://www.springframework.org/schema/jdbc" xmlns:mybatis-spring="http://mybatis.org/schema/mybatis-spring" xmlns:context="http://www.springframework.org/schema/context" xsi:schemaLocation="http://www.springframework.org/schema/jdbc http://www.springframework.org/schema/jdbc/spring-jdbc-4.3.xsd
		http://mybatis.org/schema/mybatis-spring http://mybatis.org/schema/mybatis-spring-1.2.xsd
		http://www.springframework.org/schema/beans http://www.springframework.org/schema/beans/spring-beans.xsd
		http://www.springframework.org/schema/context http://www.springframework.org/schema/context/spring-context-4.3.xsd
		http://www.springframework.org/schema/aop http://www.springframework.org/schema/aop/spring-aop-4.3.xsd">
	<!-- Root Context: defines shared resources visible to all other web components -->
	<bean class="org.springframework.jdbc.datasource.DriverManagerDataSource" id="dataSource">
		<property name="username" value=""/>
		<property name="password" value=""/>
		<property name="url" value=""/>
		<property name="driverClassName" value="org.mariadb.jdbc.Driver"/>
	</bean>
	<bean class="org.mybatis.spring.SqlSessionFactoryBean" id="sqlSessionFactoryBean">
		<property name="dataSource" ref="dataSource" />
		<property name="mapperLocations" value="classpath:/mybatis/mappers/*Mapper.xml" />
		<property name="configLocation" value="classpath:/mybatis/config/mybatisConfig.xml" />
	</bean>

	<!-- sqlSessionTemplate -->
	<bean class="org.mybatis.spring.SqlSessionTemplate" id="sqlSession">
		<constructor-arg name="sqlSessionFactory" ref="sqlSessionFactoryBean" />
	</bean>

	<bean class="org.springframework.web.multipart.commons.CommonsMultipartResolver" id="multipartResolver">
		<property name="defaultEncoding" value="UTF-8" />
		<property name="maxUploadSizePerFile" value="52428800" />
		<property name="maxUploadSize" value="104857600" />
	</bean>


</beans>
