<?xml version="1.0" encoding="UTF-8"?>
<beans xmlns="http://www.springframework.org/schema/beans" xmlns:xsi="http://www.w3.org/2001/XMLSchema-instance" xmlns:aop="http://www.springframework.org/schema/aop" xmlns:context="http://www.springframework.org/schema/context" xmlns:jdbc="http://www.springframework.org/schema/jdbc" xmlns:mybatis-spring="http://mybatis.org/schema/mybatis-spring" xsi:schemaLocation="http://www.springframework.org/schema/jdbc http://www.springframework.org/schema/jdbc/spring-jdbc-4.3.xsd
		http://mybatis.org/schema/mybatis-spring http://mybatis.org/schema/mybatis-spring-1.2.xsd
		http://www.springframework.org/schema/beans https://www.springframework.org/schema/beans/spring-beans.xsd
		http://www.springframework.org/schema/context http://www.springframework.org/schema/context/spring-context-4.3.xsd
		http://www.springframework.org/schema/aop http://www.springframework.org/schema/aop/spring-aop-4.3.xsd">
	
	<bean id="imageFileTest" class="com.hair.controller.ImageFileTest" ></bean>
	<!-- For Pagination Tag -->
	<bean id="imageRenderer" class="com.common.util.ImagePaginationRenderer" />

	<bean id="textRenderer" class="egovframework.rte.ptl.mvc.tags.ui.pagination.DefaultPaginationRenderer" />

	<bean id="paginationManager" class="egovframework.rte.ptl.mvc.tags.ui.pagination.DefaultPaginationManager">
		<property name="rendererType">
			<map>
				<entry key="image" value-ref="imageRenderer" />
				<entry key="text" value-ref="textRenderer" />
			</map>
		</property>
	</bean>

</beans>
